Métrica,Valor
MSE,0.5909136583522299
LCC,0.26192396699250897
SRCC,0.22490349700493353
KTAU,0.16765952778063736
