Métrica,Valor
MSE,0.9359385811467443
LCC,0.04420158130336602
SRCC,0.031271648880410945
KTAU,0.02287884399357943
