Métrica,Valor
MSE,2.7526916759568936
LCC,0.4543274099748377
SRCC,0.4667929094645872
KTAU,0.3606866028584626
