Métrica,Valor
MSE,0.14522548074458536
LCC,0.22132641608232628
SRCC,0.1995881760135713
KTAU,0.15549252761571652
