Métrica,Valor
MSE,0.8384205801860974
LCC,0.432866765834273
SRCC,0.4617522918995803
KTAU,0.3368942447012227
