Métrica,Valor
MSE,1.0318960328826603
LCC,0.24604800601656698
SRCC,0.23881555158496953
KTAU,0.1727147123334754
