Métrica,Valor
MSE,4.449781505609844
LCC,0.19655010051444927
SRCC,0.1967816652056631
KTAU,0.14765513180607143
