Métrica,Valor
MSE,1.1215891018814341
LCC,0.41364376333020647
SRCC,0.44514622594497877
KTAU,0.3281375194799864
